attScalar, iteration, data, tp, tn, fp, fn, accuracy, precision, recall, F-1 measure
1.0,0,train,90,2886,79,2875,0.0284991568297,0.532544378698,0.0303541315346,0.0574345883854
1.0,0,test,37,830,27,820,0.0373395565928,0.578125,0.0431738623104,0.0803474484256
1.0,1,train,99,2886,79,2866,0.0300168634064,0.556179775281,0.033389544688,0.0629971364938
1.0,1,test,38,833,24,819,0.0361726954492,0.612903225806,0.0443407234539,0.0826985854189
1.0,2,train,118,2878,87,2847,0.0345699831366,0.575609756098,0.0397976391231,0.0744479495268
1.0,2,test,38,834,23,819,0.0355892648775,0.622950819672,0.0443407234539,0.082788671024
1.0,3,train,131,2858,107,2834,0.0401349072513,0.550420168067,0.0441821247892,0.0817983140805
1.0,3,test,38,819,38,819,0.0443407234539,0.5,0.0443407234539,0.0814576634512
1.0,4,train,137,2863,102,2828,0.0403035413153,0.573221757322,0.0462057335582,0.085518102372
1.0,4,test,40,818,39,817,0.0460910151692,0.506329113924,0.046674445741,0.0854700854701
1.0,5,train,108,2890,75,2857,0.0308600337268,0.590163934426,0.0364249578415,0.0686149936468
1.0,5,test,32,825,32,825,0.0373395565928,0.5,0.0373395565928,0.0694896851249
1.0,6,train,94,2897,68,2871,0.0273187183811,0.58024691358,0.0317032040472,0.0601215222258
1.0,6,test,28,825,32,829,0.0350058343057,0.466666666667,0.0326721120187,0.0610687022901
1.0,7,train,103,2894,71,2862,0.0293423271501,0.591954022989,0.0347386172007,0.06562599554
1.0,7,test,29,827,30,828,0.034422403734,0.491525423729,0.0338389731622,0.0633187772926
1.0,8,train,107,2902,63,2858,0.0286677908938,0.629411764706,0.0360876897133,0.0682615629984
1.0,8,test,30,829,28,827,0.0338389731622,0.51724137931,0.0350058343057,0.0655737704918
1.0,9,train,121,2890,75,2844,0.0330522765599,0.617346938776,0.0408094435076,0.0765580512496
1.0,9,test,34,825,32,823,0.0385064177363,0.515151515152,0.0396732788798,0.0736728060672
1.0,10,train,132,2876,89,2833,0.0372681281619,0.597285067873,0.0445193929174,0.0828625235405
1.0,10,test,41,819,38,816,0.0460910151692,0.518987341772,0.0478413068845,0.0876068376068
1.0,11,train,243,2785,180,2722,0.0713322091062,0.574468085106,0.0819561551433,0.143447461629
1.0,11,test,67,796,61,790,0.0746791131855,0.5234375,0.0781796966161,0.136040609137
1.0,12,train,286,2748,217,2679,0.0848229342327,0.568588469185,0.0964586846543,0.16493656286
1.0,12,test,70,798,59,787,0.0752625437573,0.542635658915,0.0816802800467,0.141987829615
1.0,13,train,351,2721,244,2614,0.100337268128,0.589915966387,0.118381112985,0.197191011236
1.0,13,test,101,788,69,756,0.0991831971995,0.594117647059,0.117852975496,0.196689386563
1.0,14,train,388,2715,250,2577,0.107588532884,0.608150470219,0.130860033727,0.215376075493
1.0,14,test,103,783,74,754,0.103267211202,0.581920903955,0.120186697783,0.199226305609
1.0,15,train,368,2722,243,2597,0.103035413153,0.602291325696,0.124114671164,0.20581655481
1.0,15,test,94,788,69,763,0.0950991831972,0.576687116564,0.109684947491,0.18431372549
1.0,16,train,357,2760,205,2608,0.0947723440135,0.635231316726,0.120404721754,0.202438332861
1.0,16,test,85,791,66,772,0.0880980163361,0.562913907285,0.0991831971995,0.168650793651
1.0,17,train,417,2712,253,2548,0.112984822934,0.622388059701,0.140640809444,0.229436038514
1.0,17,test,99,778,79,758,0.103850641774,0.556179775281,0.115519253209,0.191304347826
1.0,18,train,468,2688,277,2497,0.12563237774,0.628187919463,0.15784148398,0.252291105121
1.0,18,test,118,767,90,739,0.121353558926,0.567307692308,0.137689614936,0.221596244131
1.0,19,train,405,2742,223,2560,0.105902192243,0.644904458599,0.136593591906,0.225438352352
1.0,19,test,98,789,68,759,0.0968494749125,0.590361445783,0.114352392065,0.191593352884
1.0,20,train,496,2683,282,2469,0.131197301855,0.637532133676,0.167284991568,0.265028052364
1.0,20,test,119,762,95,738,0.124854142357,0.556074766355,0.138856476079,0.222222222222
1.0,21,train,494,2696,269,2471,0.128667790894,0.64744429882,0.166610455312,0.265021459227
1.0,21,test,118,760,97,739,0.125437572929,0.548837209302,0.137689614936,0.220149253731
1.0,22,train,502,2687,278,2463,0.131534569983,0.64358974359,0.169308600337,0.268090787717
1.0,22,test,120,758,99,737,0.127771295216,0.547945205479,0.140023337223,0.223048327138
1.0,23,train,559,2652,313,2406,0.147048903879,0.641055045872,0.188532883642,0.291373468856
1.0,23,test,132,751,106,725,0.138856476079,0.554621848739,0.154025670945,0.241095890411
1.0,24,train,539,2677,288,2426,0.139460370995,0.651753325272,0.181787521079,0.284282700422
1.0,24,test,128,752,105,729,0.135939323221,0.549356223176,0.149358226371,0.234862385321
1.0,25,train,567,2663,302,2398,0.146543001686,0.65247410817,0.191231028668,0.295774647887
1.0,25,test,136,750,107,721,0.141773628938,0.559670781893,0.158693115519,0.247272727273
1.0,26,train,557,2674,291,2408,0.143001686341,0.656839622642,0.187858347386,0.292158405455
1.0,26,test,135,755,102,722,0.138273045508,0.569620253165,0.157526254376,0.246800731261
1.0,27,train,559,2674,291,2406,0.143338954469,0.657647058824,0.188532883642,0.293053735256
1.0,27,test,142,751,106,715,0.144690781797,0.572580645161,0.16569428238,0.257013574661
1.0,28,train,586,2661,304,2379,0.150084317032,0.658426966292,0.197639123103,0.30402075227
1.0,28,test,150,745,112,707,0.152858809802,0.572519083969,0.175029171529,0.268096514745
1.0,29,train,598,2658,307,2367,0.152613827993,0.660773480663,0.201686340641,0.309043927649
1.0,29,test,158,745,112,699,0.157526254376,0.585185185185,0.184364060677,0.280390417036
1.0,30,train,632,2656,309,2333,0.1586846543,0.671625929862,0.213153456998,0.323604710701
1.0,30,test,167,741,116,690,0.165110851809,0.590106007067,0.194865810968,0.29298245614
1.0,31,train,649,2654,311,2316,0.161888701518,0.676041666667,0.218887015177,0.330700636943
1.0,31,test,166,740,117,691,0.165110851809,0.586572438163,0.193698949825,0.291228070175
1.0,32,train,656,2651,314,2309,0.163575042159,0.676288659794,0.221247892074,0.333418043202
1.0,32,test,173,738,119,684,0.170361726954,0.592465753425,0.20186697783,0.301131418625
1.0,33,train,703,2620,345,2262,0.176728499157,0.670801526718,0.237099494098,0.350361325692
1.0,33,test,185,729,128,672,0.182613768961,0.591054313099,0.215869311552,0.316239316239
1.0,34,train,742,2611,354,2223,0.184822934233,0.67700729927,0.250252951096,0.365427234671
1.0,34,test,194,723,134,663,0.191365227538,0.591463414634,0.226371061844,0.327426160338
1.0,35,train,896,2506,459,2069,0.22849915683,0.661254612546,0.302192242833,0.414814814815
1.0,35,test,236,693,164,621,0.233372228705,0.59,0.275379229872,0.375497215593
1.0,36,train,912,2503,462,2053,0.231703204047,0.663755458515,0.307588532884,0.420373357917
1.0,36,test,239,693,164,618,0.23512252042,0.593052109181,0.278879813302,0.379365079365
1.0,37,train,989,2457,508,1976,0.252445193929,0.660654642619,0.333558178752,0.443298969072
1.0,37,test,276,677,180,581,0.266044340723,0.605263157895,0.322053675613,0.420411271896
1.0,38,train,1006,2460,505,1959,0.254806070826,0.665784248842,0.339291736931,0.449508489723
1.0,38,test,279,674,183,578,0.269544924154,0.603896103896,0.325554259043,0.423047763457
1.0,39,train,1134,2384,581,1831,0.289207419899,0.661224489796,0.382462057336,0.484615384615
1.0,39,test,316,655,202,541,0.302217036173,0.610038610039,0.368728121354,0.459636363636
1.1,0,train,123,2838,127,2842,0.0421585160202,0.492,0.0414839797639,0.0765163297045
1.1,0,test,39,825,32,818,0.0414235705951,0.549295774648,0.0455075845974,0.0840517241379
1.1,1,train,81,2875,90,2884,0.0288364249578,0.473684210526,0.0273187183811,0.0516581632653
1.1,1,test,23,835,22,834,0.0262543757293,0.511111111111,0.0268378063011,0.0509977827051
1.1,2,train,66,2887,78,2899,0.0242833052277,0.458333333333,0.0222596964587,0.0424573817948
1.1,2,test,20,837,20,837,0.0233372228705,0.5,0.0233372228705,0.0445930880713
1.1,3,train,67,2889,76,2898,0.0241146711636,0.468531468531,0.0225969645868,0.0431145431145
1.1,3,test,20,838,19,837,0.0227537922987,0.512820512821,0.0233372228705,0.0446428571429
1.1,4,train,62,2892,73,2903,0.0227655986509,0.459259259259,0.020910623946,0.04
1.1,4,test,19,837,20,838,0.0227537922987,0.487179487179,0.022170361727,0.0424107142857
1.1,5,train,60,2896,69,2905,0.0217537942664,0.46511627907,0.0202360876897,0.0387847446671
1.1,5,test,20,838,19,837,0.0227537922987,0.512820512821,0.0233372228705,0.0446428571429
1.1,6,train,61,2898,67,2904,0.0215851602024,0.4765625,0.0205733558179,0.0394439055933
1.1,6,test,18,839,18,839,0.0210035005834,0.5,0.0210035005834,0.040313549832
1.1,7,train,61,2897,68,2904,0.0217537942664,0.472868217054,0.0205733558179,0.0394311570782
1.1,7,test,21,835,22,836,0.0250875145858,0.488372093023,0.024504084014,0.0466666666667
1.1,8,train,62,2892,73,2903,0.0227655986509,0.459259259259,0.020910623946,0.04
1.1,8,test,22,833,24,835,0.0268378063011,0.478260869565,0.0256709451575,0.0487264673311
1.1,9,train,65,2894,71,2900,0.022934232715,0.477941176471,0.0219224283305,0.0419219606579
1.1,9,test,23,832,25,834,0.0280046674446,0.479166666667,0.0268378063011,0.0508287292818
1.1,10,train,65,2894,71,2900,0.022934232715,0.477941176471,0.0219224283305,0.0419219606579
1.1,10,test,23,832,25,834,0.0280046674446,0.479166666667,0.0268378063011,0.0508287292818
1.1,11,train,67,2897,68,2898,0.0227655986509,0.496296296296,0.0225969645868,0.0432258064516
1.1,11,test,23,833,24,834,0.0274212368728,0.489361702128,0.0268378063011,0.0508849557522
1.1,12,train,69,2896,69,2896,0.0232715008432,0.5,0.0232715008432,0.0444730905575
1.1,12,test,25,832,25,832,0.0291715285881,0.5,0.0291715285881,0.0551267916207
1.1,13,train,74,2894,71,2891,0.0244519392917,0.510344827586,0.024957841484,0.0475884244373
1.1,13,test,24,829,28,833,0.0303383897316,0.461538461538,0.0280046674446,0.0528052805281
1.1,14,train,75,2894,71,2890,0.0246205733558,0.513698630137,0.0252951096121,0.0482160077146
1.1,14,test,25,829,28,832,0.0309218203034,0.471698113208,0.0291715285881,0.0549450549451
1.1,15,train,76,2893,72,2889,0.024957841484,0.513513513514,0.0256323777403,0.0488274975907
1.1,15,test,25,829,28,832,0.0309218203034,0.471698113208,0.0291715285881,0.0549450549451
1.1,16,train,78,2892,73,2887,0.0254637436762,0.516556291391,0.0263069139966,0.0500641848524
1.1,16,test,26,829,28,831,0.0315052508751,0.481481481481,0.0303383897316,0.0570801317234
1.1,17,train,77,2893,72,2888,0.0251264755481,0.51677852349,0.0259696458685,0.0494540783558
1.1,17,test,26,829,28,831,0.0315052508751,0.481481481481,0.0303383897316,0.0570801317234
1.1,18,train,82,2888,77,2883,0.0268128161889,0.51572327044,0.0276559865093,0.0524967989757
1.1,18,test,28,829,28,829,0.0326721120187,0.5,0.0326721120187,0.0613362541073
1.1,19,train,82,2891,74,2883,0.0263069139966,0.525641025641,0.0276559865093,0.0525472604934
1.1,19,test,29,830,27,828,0.0326721120187,0.517857142857,0.0338389731622,0.0635268346112
1.1,20,train,81,2888,77,2884,0.0266441821248,0.512658227848,0.0273187183811,0.0518731988473
1.1,20,test,27,831,26,830,0.0309218203034,0.509433962264,0.0315052508751,0.0593406593407
1.1,21,train,83,2890,75,2882,0.0266441821248,0.525316455696,0.0279932546374,0.0531540185719
1.1,21,test,25,831,26,832,0.0297549591599,0.490196078431,0.0291715285881,0.0550660792952
1.1,22,train,84,2890,75,2881,0.0268128161889,0.528301886792,0.0283305227656,0.0537772087068
1.1,22,test,26,831,26,831,0.0303383897316,0.5,0.0303383897316,0.0572057205721
1.1,23,train,88,2893,72,2877,0.026981450253,0.55,0.0296795952782,0.05632
1.1,23,test,25,830,27,832,0.0303383897316,0.480769230769,0.0291715285881,0.0550055005501
1.1,24,train,105,2891,74,2860,0.0301854974705,0.586592178771,0.035413153457,0.0667938931298
1.1,24,test,33,830,27,824,0.0350058343057,0.55,0.0385064177363,0.071973827699
1.1,25,train,131,2875,90,2834,0.0372681281619,0.592760180995,0.0441821247892,0.08223477715
1.1,25,test,37,823,34,820,0.0414235705951,0.521126760563,0.0431738623104,0.0797413793103
1.1,26,train,148,2863,102,2817,0.0421585160202,0.592,0.049915682968,0.0920684292379
1.1,26,test,39,821,36,818,0.0437572928821,0.52,0.0455075845974,0.0836909871245
1.1,27,train,199,2824,141,2766,0.0573355817875,0.585294117647,0.0671163575042,0.120423600605
1.1,27,test,53,808,49,804,0.0595099183197,0.519607843137,0.0618436406068,0.110531803962
1.1,28,train,276,2765,200,2689,0.0802698145025,0.579831932773,0.0930860033727,0.160418482999
1.1,28,test,77,793,64,780,0.0822637106184,0.54609929078,0.0898483080513,0.154308617234
1.1,29,train,327,2753,212,2638,0.0908937605396,0.60667903525,0.110286677909,0.186643835616
1.1,29,test,81,781,76,776,0.0915985997666,0.515923566879,0.0945157526254,0.159763313609
1.1,30,train,319,2741,224,2646,0.091568296796,0.587476979742,0.107588532884,0.181870011403
1.1,30,test,76,781,76,781,0.0886814469078,0.5,0.0886814469078,0.15064420218
1.1,31,train,286,2781,184,2679,0.079258010118,0.608510638298,0.0964586846543,0.166521106259
1.1,31,test,69,793,64,788,0.0775962660443,0.518796992481,0.0805134189032,0.139393939394
1.1,32,train,237,2846,119,2728,0.0600337268128,0.665730337079,0.0799325463744,0.142728093948
1.1,32,test,54,805,52,803,0.0618436406068,0.509433962264,0.0630105017503,0.11214953271
1.1,33,train,243,2848,117,2722,0.0607082630691,0.675,0.0819561551433,0.146165413534
1.1,33,test,49,806,51,808,0.0583430571762,0.49,0.0571761960327,0.102403343783
1.1,34,train,270,2848,117,2695,0.0652613827993,0.697674418605,0.0910623946037,0.161097852029
1.1,34,test,55,799,58,802,0.0659276546091,0.486725663717,0.0641773628938,0.113402061856
1.1,35,train,284,2844,121,2681,0.0682967959528,0.701234567901,0.095784148398,0.168545994065
1.1,35,test,58,801,56,799,0.0665110851809,0.508771929825,0.0676779463244,0.119464469619
1.1,36,train,299,2853,112,2666,0.0693086003373,0.727493917275,0.10084317032,0.177132701422
1.1,36,test,61,803,54,796,0.0670945157526,0.530434782609,0.071178529755,0.125514403292
1.1,37,train,326,2836,129,2639,0.0767284991568,0.716483516484,0.109949409781,0.190643274854
1.1,37,test,67,796,61,790,0.0746791131855,0.5234375,0.0781796966161,0.136040609137
1.1,38,train,314,2850,115,2651,0.0723440134907,0.731934731935,0.105902192243,0.185032410136
1.1,38,test,69,801,56,788,0.0729288214702,0.552,0.0805134189032,0.140529531568
1.1,39,train,342,2850,115,2623,0.077065767285,0.748358862144,0.115345699831,0.199883109293
1.1,39,test,74,789,68,783,0.0828471411902,0.521126760563,0.0863477246208,0.148148148148
1.2,0,train,1812,1139,1826,1153,0.613490725126,0.49807586586,0.611129848229,0.548841435711
1.2,0,test,518,312,545,339,0.620186697783,0.487300094073,0.604434072345,0.539583333333
1.2,1,train,753,2183,782,2212,0.258853288364,0.490553745928,0.253962900506,0.334666666667
1.2,1,test,193,615,242,664,0.253792298716,0.44367816092,0.2252042007,0.298761609907
1.2,2,train,679,2194,771,2286,0.244519392917,0.468275862069,0.229005059022,0.307587768969
1.2,2,test,209,614,243,648,0.263710618436,0.462389380531,0.243873978996,0.319327731092
1.2,3,train,693,2191,774,2272,0.247386172007,0.472392638037,0.233726812816,0.312725631769
1.2,3,test,211,617,240,646,0.263127187865,0.467849223947,0.246207701284,0.322629969419
1.2,4,train,384,2600,365,2581,0.126306913997,0.512683578104,0.129510961214,0.206785137318
1.2,4,test,117,749,108,740,0.131271878646,0.52,0.136522753792,0.216266173752
1.2,5,train,506,2463,502,2459,0.169983136594,0.501984126984,0.17065767285,0.254719355651
1.2,5,test,152,712,145,705,0.173278879813,0.511784511785,0.177362893816,0.263431542461
1.2,6,train,504,2466,499,2461,0.169139966273,0.502492522433,0.169983136594,0.254032258065
1.2,6,test,153,714,143,704,0.172695449242,0.516891891892,0.178529754959,0.265394622723
1.2,7,train,494,2472,493,2471,0.166441821248,0.500506585613,0.166610455312,0.25
1.2,7,test,150,708,149,707,0.174445740957,0.501672240803,0.175029171529,0.259515570934
1.2,8,train,426,2558,407,2539,0.140472175379,0.511404561825,0.143676222597,0.224328593997
1.2,8,test,138,725,132,719,0.157526254376,0.511111111111,0.161026837806,0.244897959184
1.2,9,train,418,2559,406,2547,0.138954468803,0.507281553398,0.140978077572,0.220638690947
1.2,9,test,134,725,132,723,0.155192532089,0.503759398496,0.156359393232,0.238646482636
1.2,10,train,403,2578,387,2562,0.133220910624,0.510126582278,0.135919055649,0.21464713715
1.2,10,test,130,738,119,727,0.145274212369,0.522088353414,0.151691948658,0.235081374322
1.2,11,train,343,2631,334,2622,0.114165261383,0.506646971935,0.11568296796,0.18835804503
1.2,11,test,112,754,103,745,0.125437572929,0.520930232558,0.130688448075,0.208955223881
1.2,12,train,370,2609,356,2595,0.122428330523,0.509641873278,0.12478920742,0.200487672717
1.2,12,test,115,744,113,742,0.133022170362,0.504385964912,0.134189031505,0.21198156682
1.2,13,train,378,2609,356,2587,0.123777403035,0.514986376022,0.127487352445,0.204379562044
1.2,13,test,117,744,113,740,0.134189031505,0.508695652174,0.136522753792,0.215271389144
1.2,14,train,314,2666,299,2651,0.103372681282,0.512234910277,0.105902192243,0.175517048631
1.2,14,test,105,764,93,752,0.115519253209,0.530303030303,0.12252042007,0.199052132701
1.2,15,train,339,2646,319,2626,0.110961214165,0.515197568389,0.114333895447,0.187137731162
1.2,15,test,105,758,99,752,0.119019836639,0.514705882353,0.12252042007,0.197926484449
1.2,16,train,411,2604,361,2554,0.13018549747,0.532383419689,0.138617200675,0.219962536794
1.2,16,test,129,741,116,728,0.142940490082,0.526530612245,0.150525087515,0.234119782214
1.2,17,train,338,2668,297,2627,0.107082630691,0.532283464567,0.113996627319,0.187777777778
1.2,17,test,100,747,110,757,0.12252042007,0.47619047619,0.116686114352,0.187441424555
1.2,18,train,299,2711,254,2666,0.0932546374368,0.54068716094,0.10084317032,0.169982944855
1.2,18,test,91,769,88,766,0.104434072345,0.508379888268,0.106184364061,0.175675675676
1.2,19,train,248,2750,215,2717,0.0780775716695,0.535637149028,0.0836424957841,0.144690781797
1.2,19,test,77,784,73,780,0.0875145857643,0.513333333333,0.0898483080513,0.152929493545
1.2,20,train,363,2645,320,2602,0.115177065767,0.531478770132,0.122428330523,0.199013157895
1.2,20,test,118,752,105,739,0.130105017503,0.529147982063,0.137689614936,0.218518518519
1.2,21,train,293,2698,267,2672,0.0944350758853,0.523214285714,0.0988195615514,0.166241134752
1.2,21,test,97,770,87,760,0.107351225204,0.527173913043,0.113185530922,0.186359269933
1.2,22,train,274,2708,257,2691,0.089544688027,0.516007532957,0.0924114671164,0.156750572082
1.2,22,test,89,776,81,768,0.0991831971995,0.523529411765,0.103850641774,0.173320350536
1.2,23,train,274,2735,230,2691,0.0849915682968,0.543650793651,0.0924114671164,0.157970596714
1.2,23,test,87,786,71,770,0.0921820303384,0.550632911392,0.101516919487,0.171428571429
1.2,24,train,304,2680,285,2661,0.0993254637437,0.516129032258,0.102529510961,0.171074845245
1.2,24,test,92,764,93,765,0.107934655776,0.497297297297,0.107351225204,0.176583493282
1.2,25,train,315,2677,288,2650,0.101686340641,0.522388059701,0.106239460371,0.176569506726
1.2,25,test,98,771,86,759,0.107351225204,0.532608695652,0.114352392065,0.18828049952
1.2,26,train,273,2739,226,2692,0.0841483979764,0.547094188377,0.0920741989882,0.157621247113
1.2,26,test,81,782,75,776,0.0910151691949,0.519230769231,0.0945157526254,0.159921026654
1.2,27,train,275,2729,236,2690,0.0861720067454,0.538160469667,0.0927487352445,0.158227848101
1.2,27,test,84,781,76,773,0.0933488914819,0.525,0.098016336056,0.165191740413
1.2,28,train,220,2770,195,2745,0.0699831365936,0.530120481928,0.0741989881956,0.130177514793
1.2,28,test,68,792,65,789,0.0775962660443,0.511278195489,0.0793465577596,0.137373737374
1.2,29,train,214,2782,183,2751,0.0669477234401,0.539042821159,0.0721753794266,0.127305175491
1.2,29,test,68,800,57,789,0.0729288214702,0.544,0.0793465577596,0.13849287169
1.2,30,train,199,2810,155,2766,0.0596964586847,0.562146892655,0.0671163575042,0.11991563724
1.2,30,test,61,812,45,796,0.0618436406068,0.575471698113,0.071178529755,0.126687435099
1.2,31,train,184,2811,154,2781,0.0569983136594,0.544378698225,0.0620573355818,0.111413866182
1.2,31,test,55,809,48,802,0.0600933488915,0.533980582524,0.0641773628938,0.114583333333
1.2,32,train,185,2813,152,2780,0.0568296795953,0.548961424332,0.0623946037099,0.11205330103
1.2,32,test,60,810,47,797,0.0624270711785,0.560747663551,0.0700116686114,0.124481327801
1.2,33,train,190,2819,146,2775,0.0566610455312,0.565476190476,0.0640809443508,0.115116631324
1.2,33,test,66,810,47,791,0.0659276546091,0.58407079646,0.0770128354726,0.136082474227
1.2,34,train,211,2788,177,2754,0.0654300168634,0.54381443299,0.0711635750422,0.125857441098
1.2,34,test,72,806,51,785,0.0717619603267,0.585365853659,0.0840140023337,0.14693877551
1.2,35,train,196,2819,146,2769,0.0576728499157,0.573099415205,0.0661045531197,0.118536437859
1.2,35,test,66,806,51,791,0.0682613768961,0.564102564103,0.0770128354726,0.135523613963
1.2,36,train,134,2866,99,2831,0.0392917369309,0.575107296137,0.0451939291737,0.0838023764853
1.2,36,test,35,818,39,822,0.0431738623104,0.472972972973,0.0408401400233,0.0751879699248
1.2,37,train,131,2876,89,2834,0.0370994940978,0.595454545455,0.0441821247892,0.0822605965463
1.2,37,test,39,823,34,818,0.0425904317386,0.534246575342,0.0455075845974,0.0838709677419
1.2,38,train,161,2854,111,2804,0.04586846543,0.591911764706,0.0543001686341,0.0994748223664
1.2,38,test,48,817,40,809,0.0513418903151,0.545454545455,0.0560093348891,0.101587301587
1.2,39,train,125,2881,84,2840,0.0352445193929,0.598086124402,0.0421585160202,0.0787649653434
1.2,39,test,38,828,29,819,0.0390898483081,0.567164179104,0.0443407234539,0.0822510822511
1.3,0,train,2770,175,2790,195,0.93760539629,0.498201438849,0.934232715008,0.649853372434
1.3,0,test,800,57,800,57,0.933488914819,0.5,0.933488914819,0.651200651201
1.3,1,train,2709,226,2739,256,0.918718381113,0.497246696035,0.913659359191,0.644003328183
1.3,1,test,791,68,789,66,0.921820303384,0.500632911392,0.922987164527,0.649158801805
1.3,2,train,2762,189,2776,203,0.93389544688,0.498736005778,0.931534569983,0.649653063625
1.3,2,test,800,52,805,57,0.936406067678,0.498442367601,0.933488914819,0.649878147847
1.3,3,train,2768,178,2787,197,0.93676222597,0.498289828983,0.933558178752,0.649765258216
1.3,3,test,798,50,807,59,0.936406067678,0.497196261682,0.931155192532,0.648253452478
1.3,4,train,2734,209,2756,231,0.925801011804,0.497996357013,0.922091062395,0.646717918391
1.3,4,test,787,61,796,70,0.923570595099,0.497157296273,0.918319719953,0.645081967213
1.3,5,train,2744,219,2746,221,0.925801011804,0.499817850638,0.925463743676,0.649083382614
1.3,5,test,788,67,790,69,0.92065344224,0.499366286439,0.919486581097,0.647227926078
1.3,6,train,2784,168,2797,181,0.941146711636,0.49883533417,0.938954468803,0.65153288088
1.3,6,test,804,42,815,53,0.944574095683,0.49660284126,0.938156359393,0.64943457189
1.3,7,train,2798,159,2806,167,0.94502529511,0.499286224126,0.943676222597,0.653051697981
1.3,7,test,811,39,818,46,0.9504084014,0.497851442603,0.946324387398,0.652453740949
1.3,8,train,2809,152,2813,156,0.948060708263,0.499644254714,0.947386172007,0.654244788634
1.3,8,test,811,40,817,46,0.949824970828,0.498157248157,0.946324387398,0.652716297787
1.3,9,train,2842,106,2859,123,0.961382799325,0.498509033503,0.958516020236,0.655896607431
1.3,9,test,817,25,832,40,0.962077012835,0.495451788963,0.953325554259,0.652035115722
1.3,10,train,2852,99,2866,113,0.964249578415,0.498775795733,0.961888701518,0.656915812507
1.3,10,test,823,24,833,34,0.966161026838,0.496980676329,0.96032672112,0.654994031039
1.3,11,train,2852,100,2865,113,0.964080944351,0.498863040056,0.961888701518,0.656991476618
1.3,11,test,822,27,830,35,0.963827304551,0.497578692494,0.959159859977,0.655241131925
1.3,12,train,2848,104,2861,117,0.962731871838,0.498861446838,0.960539629005,0.656675121051
1.3,12,test,821,28,829,36,0.962660443407,0.497575757576,0.957992998833,0.654966094934
1.3,13,train,2848,98,2867,117,0.963743676223,0.498337707787,0.960539629005,0.656221198157
1.3,13,test,824,28,829,33,0.964410735123,0.498487598306,0.961493582264,0.656573705179
1.3,14,train,2855,106,2859,110,0.963575042159,0.499649982499,0.962900505902,0.657909897454
1.3,14,test,823,27,830,34,0.964410735123,0.497882637629,0.96032672112,0.65577689243
1.3,15,train,2860,96,2869,105,0.96610455312,0.499214522604,0.964586846543,0.657925005751
1.3,15,test,823,23,834,34,0.96674445741,0.49668074834,0.96032672112,0.654733492442
1.3,16,train,2907,41,2924,58,0.983305227656,0.498542274052,0.980438448567,0.660982264666
1.3,16,test,838,11,846,19,0.982497082847,0.497624703088,0.977829638273,0.659582841401
1.3,17,train,2921,30,2935,44,0.987521079258,0.498804644809,0.985160202361,0.662283187847
1.3,17,test,842,10,847,15,0.985414235706,0.498519834221,0.982497082847,0.661429693637
1.3,18,train,2925,28,2937,40,0.988532883642,0.498976458547,0.986509274874,0.662739322533
1.3,18,test,844,12,845,13,0.985414235706,0.499703966844,0.984830805134,0.663000785546
1.3,19,train,2932,18,2947,33,0.991399662732,0.498724272836,0.988870151771,0.663048394392
1.3,19,test,844,8,849,13,0.987747957993,0.498523331364,0.984830805134,0.661960784314
1.3,20,train,2934,18,2947,31,0.99173693086,0.498894745792,0.989544688027,0.663350666968
1.3,20,test,846,9,848,11,0.988331388565,0.499409681228,0.987164527421,0.663269306154
1.3,21,train,2938,15,2950,27,0.992917369309,0.498980978261,0.99089376054,0.663729809104
1.3,21,test,846,9,848,11,0.988331388565,0.499409681228,0.987164527421,0.663269306154
1.3,22,train,2935,17,2948,30,0.992074198988,0.498895121537,0.989881956155,0.66342676311
1.3,22,test,845,7,850,12,0.988914819137,0.498525073746,0.985997666278,0.662225705329
1.3,23,train,2936,16,2949,29,0.992411467116,0.498895497026,0.990219224283,0.663502824859
1.3,23,test,845,8,849,12,0.988331388565,0.498819362456,0.985997666278,0.662485299882
1.3,24,train,2938,12,2953,27,0.993423271501,0.498726871499,0.99089376054,0.663504968383
1.3,24,test,845,7,850,12,0.988914819137,0.498525073746,0.985997666278,0.662225705329
1.3,25,train,2942,12,2953,23,0.994097807757,0.499067005937,0.992242833052,0.664108352144
1.3,25,test,849,6,851,8,0.991831971995,0.499411764706,0.990665110852,0.664059444662
1.3,26,train,2943,12,2953,22,0.994266441821,0.499151967436,0.99258010118,0.664259112967
1.3,26,test,851,5,852,6,0.993582263711,0.49970640047,0.992998833139,0.66484375
1.3,27,train,2944,12,2953,21,0.994435075885,0.499236900119,0.992917369309,0.664409839765
1.3,27,test,848,5,852,9,0.991831971995,0.498823529412,0.989498249708,0.66327727806
1.3,28,train,2947,10,2955,18,0.995278246206,0.499322263639,0.993929173693,0.664711852938
1.3,28,test,852,5,852,5,0.994165694282,0.5,0.994165694282,0.665365091761
1.3,29,train,2946,11,2954,19,0.994940978078,0.499322033898,0.993591905565,0.664636209814
1.3,29,test,852,5,852,5,0.994165694282,0.5,0.994165694282,0.665365091761
1.3,30,train,2948,10,2955,17,0.99544688027,0.499407081145,0.994266441821,0.664862426703
1.3,30,test,852,4,853,5,0.994749124854,0.499706744868,0.994165694282,0.665105386417
1.3,31,train,2948,10,2955,17,0.99544688027,0.499407081145,0.994266441821,0.664862426703
1.3,31,test,852,5,852,5,0.994165694282,0.5,0.994165694282,0.665365091761
1.3,32,train,2949,10,2955,16,0.995615514334,0.499491869919,0.994603709949,0.665012966513
1.3,32,test,852,3,854,5,0.995332555426,0.499413833529,0.994165694282,0.66484588373
1.3,33,train,2950,9,2956,15,0.995952782462,0.499492041991,0.994940978078,0.665088490587
1.3,33,test,853,3,854,4,0.995915985998,0.499707088459,0.995332555426,0.665366614665
1.3,34,train,2949,11,2954,16,0.99544688027,0.499576486532,0.994603709949,0.665087956698
1.3,34,test,852,3,854,5,0.995332555426,0.499413833529,0.994165694282,0.66484588373
1.3,35,train,2948,11,2954,17,0.995278246206,0.49949169773,0.994266441821,0.664937408368
1.3,35,test,852,3,854,5,0.995332555426,0.499413833529,0.994165694282,0.66484588373
1.3,36,train,2950,10,2955,15,0.995784148398,0.499576629975,0.994940978078,0.665163472379
1.3,36,test,852,3,854,5,0.995332555426,0.499413833529,0.994165694282,0.66484588373
1.3,37,train,2948,10,2955,17,0.99544688027,0.499407081145,0.994266441821,0.664862426703
1.3,37,test,852,5,852,5,0.994165694282,0.5,0.994165694282,0.665365091761
1.3,38,train,2948,9,2956,17,0.995615514334,0.499322493225,0.994266441821,0.664787461946
1.3,38,test,854,6,851,3,0.994749124854,0.500879765396,0.996499416569,0.666666666667
1.3,39,train,2950,9,2956,15,0.995952782462,0.499492041991,0.994940978078,0.665088490587
1.3,39,test,853,5,852,4,0.994749124854,0.500293255132,0.995332555426,0.665886026542
1.4,0,train,2555,417,2548,410,0.860539629005,0.500685871056,0.861720067454,0.633366385721
1.4,0,test,733,117,740,124,0.859393232205,0.497623896809,0.855309218203,0.629184549356
1.4,1,train,2167,833,2132,798,0.724957841484,0.50407071412,0.730860033727,0.596640969163
1.4,1,test,621,220,637,236,0.733955659277,0.493640699523,0.724620770128,0.587234042553
1.4,2,train,2197,792,2173,768,0.736930860034,0.502745995423,0.740978077572,0.599045671438
1.4,2,test,619,210,647,238,0.738623103851,0.488941548183,0.722287047841,0.583137070184
1.4,3,train,1951,1047,1918,1014,0.652445193929,0.504264667873,0.658010118044,0.570968685982
1.4,3,test,554,285,572,303,0.656942823804,0.492007104796,0.646441073512,0.558749369642
1.4,4,train,2372,580,2385,593,0.802192242833,0.4986335926,0.8,0.614348614349
1.4,4,test,685,165,692,172,0.803383897316,0.497458242556,0.799299883314,0.613249776186
1.4,5,train,2403,554,2411,562,0.811804384486,0.499169090154,0.810455311973,0.617817200154
1.4,5,test,675,157,700,182,0.802217036173,0.490909090909,0.787631271879,0.604838709677
1.4,6,train,2186,763,2202,779,0.739966273187,0.498176845943,0.737268128162,0.594587243302
1.4,6,test,634,203,654,223,0.751458576429,0.492236024845,0.739789964994,0.591142191142
1.4,7,train,2361,594,2371,604,0.797976391231,0.498943364328,0.79629005059,0.613485773678
1.4,7,test,668,162,695,189,0.795215869312,0.490095377843,0.779463243874,0.601801801802
1.4,8,train,2367,593,2372,598,0.79915682968,0.499472462545,0.798313659359,0.614485981308
1.4,8,test,673,160,697,184,0.799299883314,0.491240875912,0.785297549592,0.604400538841
1.4,9,train,1943,1038,1927,1022,0.652613827993,0.502067183463,0.655311973019,0.568544257498
1.4,9,test,516,294,563,341,0.629521586931,0.478220574606,0.602100350058,0.53305785124
1.4,10,train,1683,1299,1666,1282,0.564755480607,0.502538071066,0.567622259696,0.533101045296
1.4,10,test,452,369,488,405,0.548424737456,0.48085106383,0.527421236873,0.50306065665
1.4,11,train,1760,1254,1711,1205,0.585328836425,0.507058484587,0.593591905565,0.546923555003
1.4,11,test,473,361,496,384,0.565344224037,0.488132094943,0.551925320887,0.518072289157
1.4,12,train,726,2240,725,2239,0.244688026981,0.500344589938,0.244856661046,0.328804347826
1.4,12,test,224,658,199,633,0.246791131855,0.529550827423,0.261376896149,0.35
1.4,13,train,720,2267,698,2245,0.239123102867,0.507757404795,0.242833052277,0.328542094456
1.4,13,test,216,673,184,641,0.233372228705,0.54,0.252042007001,0.343675417661
1.4,14,train,735,2246,719,2230,0.245193929174,0.505502063274,0.247892074199,0.332654446707
1.4,14,test,220,647,210,637,0.250875145858,0.511627906977,0.256709451575,0.34188034188
1.4,15,train,653,2325,640,2312,0.218043844857,0.505027068832,0.22023608769,0.306716768436
1.4,15,test,214,679,178,643,0.228704784131,0.545918367347,0.249708284714,0.342674139311
1.4,16,train,528,2468,497,2437,0.172849915683,0.51512195122,0.178077571669,0.264661654135
1.4,16,test,175,720,137,682,0.18203033839,0.560897435897,0.204200700117,0.299401197605
1.4,17,train,479,2499,466,2486,0.159359190556,0.506878306878,0.16155143339,0.245012787724
1.4,17,test,154,726,131,703,0.166277712952,0.540350877193,0.179696616103,0.269702276708
1.4,18,train,605,2377,588,2360,0.201180438449,0.507124895222,0.204047217538,0.291005291005
1.4,18,test,182,685,172,675,0.206534422404,0.514124293785,0.212368728121,0.300578034682
1.4,19,train,570,2400,565,2395,0.191399662732,0.502202643172,0.192242833052,0.278048780488
1.4,19,test,181,704,153,676,0.194865810968,0.541916167665,0.211201866978,0.303946263644
1.4,20,train,457,2502,463,2508,0.155143338954,0.496739130435,0.15413153457,0.235263835264
1.4,20,test,164,727,130,693,0.171528588098,0.557823129252,0.191365227538,0.284969591659
1.4,21,train,436,2534,431,2529,0.146205733558,0.502883506344,0.147048903879,0.227557411273
1.4,21,test,153,736,121,704,0.159859976663,0.558394160584,0.178529754959,0.270557029178
1.4,22,train,304,2699,266,2661,0.0961214165261,0.533333333333,0.102529510961,0.171994342291
1.4,22,test,104,776,81,753,0.107934655776,0.562162162162,0.121353558926,0.199616122841
1.4,23,train,120,2873,92,2845,0.0357504215852,0.566037735849,0.0404721753794,0.0755429650614
1.4,23,test,51,814,43,806,0.0548424737456,0.542553191489,0.0595099183197,0.107255520505
1.4,24,train,123,2873,92,2842,0.0362563237774,0.572093023256,0.0414839797639,0.077358490566
1.4,24,test,52,822,35,805,0.0507584597433,0.597701149425,0.0606767794632,0.110169491525
1.4,25,train,137,2863,102,2828,0.0403035413153,0.573221757322,0.0462057335582,0.085518102372
1.4,25,test,41,818,39,816,0.046674445741,0.5125,0.0478413068845,0.0875133404482
1.4,26,train,121,2884,81,2844,0.0340640809444,0.59900990099,0.0408094435076,0.0764130091569
1.4,26,test,35,825,32,822,0.0390898483081,0.522388059701,0.0408401400233,0.0757575757576
1.4,27,train,153,2845,120,2812,0.0460370994941,0.56043956044,0.0516020236088,0.0945027794935
1.4,27,test,51,817,40,806,0.0530921820303,0.56043956044,0.0595099183197,0.107594936709
1.4,28,train,69,2918,47,2896,0.0195615514334,0.594827586207,0.0232715008432,0.0447906523856
1.4,28,test,27,839,18,830,0.0262543757293,0.6,0.0315052508751,0.059866962306
1.4,29,train,81,2894,71,2884,0.0256323777403,0.532894736842,0.0273187183811,0.0519730510106
1.4,29,test,28,834,23,829,0.0297549591599,0.549019607843,0.0326721120187,0.0616740088106
1.4,30,train,72,2905,60,2893,0.0222596964587,0.545454545455,0.0242833052277,0.0464966096222
1.4,30,test,26,838,19,831,0.0262543757293,0.577777777778,0.0303383897316,0.0576496674058
1.4,31,train,53,2924,41,2912,0.0158516020236,0.563829787234,0.0178752107926,0.0346518470088
1.4,31,test,16,844,13,841,0.0169194865811,0.551724137931,0.0186697782964,0.0361173814898
1.4,32,train,55,2926,39,2910,0.0158516020236,0.585106382979,0.0185497470489,0.0359594638771
1.4,32,test,18,841,16,839,0.0198366394399,0.529411764706,0.0210035005834,0.040404040404
1.4,33,train,54,2929,36,2911,0.0151770657673,0.6,0.0182124789207,0.0353518821604
1.4,33,test,15,841,16,842,0.0180863477246,0.483870967742,0.0175029171529,0.0337837837838
1.4,34,train,49,2937,28,2916,0.0129848229342,0.636363636364,0.0165261382799,0.0322156476003
1.4,34,test,14,845,12,843,0.0151691948658,0.538461538462,0.0163360560093,0.0317100792752
1.4,35,train,40,2935,30,2925,0.0118043844857,0.571428571429,0.0134907251265,0.0263591433278
1.4,35,test,11,848,9,846,0.0116686114352,0.55,0.0128354725788,0.0250855188141
1.4,36,train,38,2934,31,2927,0.0116357504216,0.550724637681,0.0128161888702,0.0250494396836
1.4,36,test,11,845,12,846,0.0134189031505,0.478260869565,0.0128354725788,0.025
1.4,37,train,38,2941,24,2927,0.010455311973,0.612903225806,0.0128161888702,0.0251073670301
1.4,37,test,14,846,11,843,0.014585764294,0.56,0.0163360560093,0.031746031746
1.4,38,train,38,2934,31,2927,0.0116357504216,0.550724637681,0.0128161888702,0.0250494396836
1.4,38,test,15,845,12,842,0.0157526254376,0.555555555556,0.0175029171529,0.0339366515837
1.4,39,train,41,2938,27,2924,0.0114671163575,0.602941176471,0.0138279932546,0.0270359380152
1.4,39,test,13,850,7,844,0.0116686114352,0.65,0.0151691948658,0.0296465222349
1.5,0,train,1426,1508,1457,1539,0.486172006745,0.494623655914,0.480944350759,0.487688098495
1.5,0,test,399,384,473,458,0.508751458576,0.457568807339,0.465577596266,0.461538461538
1.5,1,train,781,2184,781,2184,0.263406408094,0.5,0.263406408094,0.345040865916
1.5,1,test,210,607,250,647,0.268378063011,0.45652173913,0.24504084014,0.318906605923
1.5,2,train,772,2200,765,2193,0.259190556492,0.502277163305,0.260370994941,0.342958685029
1.5,2,test,204,609,248,653,0.263710618436,0.451327433628,0.238039673279,0.311688311688
1.5,3,train,683,2281,684,2282,0.230522765599,0.499634235552,0.230354131535,0.315327793167
1.5,3,test,185,626,231,672,0.242707117853,0.444711538462,0.215869311552,0.290652003142
1.5,4,train,669,2299,666,2296,0.225126475548,0.501123595506,0.22563237774,0.311162790698
1.5,4,test,183,633,224,674,0.237456242707,0.449631449631,0.213535589265,0.289556962025
1.5,5,train,482,2502,463,2483,0.159359190556,0.510052910053,0.162563237774,0.246547314578
1.5,5,test,124,716,141,733,0.154609101517,0.467924528302,0.144690781797,0.221033868093
1.5,6,train,493,2502,463,2472,0.161214165261,0.515690376569,0.166273187184,0.251466462637
1.5,6,test,120,706,151,737,0.158109684947,0.442804428044,0.140023337223,0.212765957447
1.5,7,train,515,2471,494,2450,0.170151770658,0.510406342914,0.173693086003,0.259184700554
1.5,7,test,136,695,162,721,0.173862310385,0.456375838926,0.158693115519,0.235497835498
1.5,8,train,473,2527,438,2492,0.153625632378,0.519209659715,0.159527824621,0.244066047472
1.5,8,test,117,710,147,740,0.154025670945,0.443181818182,0.136522753792,0.208742194469
1.5,9,train,417,2576,389,2548,0.135919055649,0.517369727047,0.140640809444,0.221161495625
1.5,9,test,107,727,130,750,0.138273045508,0.451476793249,0.124854142357,0.195612431444
1.5,10,train,462,2525,440,2503,0.152107925801,0.512195121951,0.155817875211,0.238944918542
1.5,10,test,115,708,149,742,0.154025670945,0.435606060606,0.134189031505,0.205173951829
1.5,11,train,464,2502,463,2501,0.156323777403,0.500539374326,0.156492411467,0.238437821172
1.5,11,test,122,709,148,735,0.157526254376,0.451851851852,0.14235705951,0.216503992902
1.5,12,train,427,2536,429,2538,0.144350758853,0.498831775701,0.144013490725,0.223501701125
1.5,12,test,118,716,141,739,0.151108518086,0.455598455598,0.137689614936,0.21146953405
1.5,13,train,486,2475,490,2479,0.164586846543,0.497950819672,0.163912310287,0.24663790916
1.5,13,test,135,701,156,722,0.169778296383,0.463917525773,0.157526254376,0.235191637631
1.5,14,train,534,2417,548,2431,0.182462057336,0.493530499076,0.180101180438,0.263899184581
1.5,14,test,145,677,180,712,0.189614935823,0.446153846154,0.169194865811,0.245346869712
1.5,15,train,566,2383,582,2399,0.193591905565,0.493031358885,0.19089376054,0.275224896669
1.5,15,test,157,668,189,700,0.20186697783,0.453757225434,0.183197199533,0.261014131338
1.5,16,train,478,2473,492,2487,0.163575042159,0.492783505155,0.161214165261,0.242947903431
1.5,16,test,137,689,168,720,0.177946324387,0.449180327869,0.159859976663,0.235800344234
1.5,17,train,485,2436,529,2480,0.170994940978,0.478303747535,0.163575042159,0.243779844182
1.5,17,test,142,698,159,715,0.1756126021,0.471760797342,0.16569428238,0.245250431779
1.5,18,train,459,2480,485,2506,0.159190556492,0.486228813559,0.154806070826,0.23484267076
1.5,18,test,132,714,143,725,0.160443407235,0.48,0.154025670945,0.233215547703
1.5,19,train,514,2402,563,2451,0.181618887015,0.477251624884,0.173355817875,0.254329539832
1.5,19,test,143,692,165,714,0.179696616103,0.464285714286,0.166861143524,0.245493562232
1.5,20,train,439,2509,456,2526,0.150927487352,0.490502793296,0.148060708263,0.227461139896
1.5,20,test,121,720,137,736,0.150525087515,0.468992248062,0.141190198366,0.217040358744
1.5,21,train,524,2371,594,2441,0.188532883642,0.468694096601,0.176728499157,0.256674014205
1.5,21,test,164,678,179,693,0.200116686114,0.478134110787,0.191365227538,0.273333333333
1.5,22,train,504,2423,542,2461,0.176391231029,0.481835564054,0.169983136594,0.251308900524
1.5,22,test,145,687,170,712,0.183780630105,0.460317460317,0.169194865811,0.247440273038
1.5,23,train,436,2447,518,2529,0.160876897133,0.457023060797,0.147048903879,0.222505741261
1.5,23,test,139,697,160,718,0.174445740957,0.464882943144,0.16219369895,0.240484429066
1.5,24,train,465,2438,527,2500,0.167284991568,0.46875,0.156829679595,0.235026535254
1.5,24,test,147,689,168,710,0.183780630105,0.466666666667,0.171528588098,0.250853242321
1.5,25,train,418,2500,465,2547,0.148903878583,0.473386183465,0.140978077572,0.217255717256
1.5,25,test,130,711,146,727,0.161026837806,0.471014492754,0.151691948658,0.229479258605
1.5,26,train,476,2408,557,2489,0.174198988196,0.460793804453,0.160539629005,0.23811905953
1.5,26,test,145,684,173,712,0.18553092182,0.455974842767,0.169194865811,0.246808510638
1.5,27,train,414,2475,490,2551,0.152445193929,0.45796460177,0.139629005059,0.2140087878
1.5,27,test,131,707,150,726,0.163943990665,0.466192170819,0.152858809802,0.230228471002
1.5,28,train,434,2477,488,2531,0.155480607083,0.470715835141,0.146374367622,0.223308464111
1.5,28,test,133,697,160,724,0.170945157526,0.453924914676,0.155192532089,0.231304347826
1.5,29,train,538,2371,594,2427,0.19089376054,0.475265017668,0.181450252951,0.262631193556
1.5,29,test,169,672,185,688,0.206534422404,0.477401129944,0.197199533256,0.279108175062
1.5,30,train,488,2414,551,2477,0.17521079258,0.46968238691,0.164586846543,0.243756243756
1.5,30,test,153,681,176,704,0.19194865811,0.465045592705,0.178529754959,0.258010118044
1.5,31,train,403,2509,456,2562,0.144856661046,0.469150174622,0.135919055649,0.210774058577
1.5,31,test,130,714,143,727,0.159276546091,0.47619047619,0.151691948658,0.230088495575
1.5,32,train,432,2478,487,2533,0.15497470489,0.47007616975,0.145699831366,0.222451081359
1.5,32,test,130,697,160,727,0.169194865811,0.448275862069,0.151691948658,0.226678291194
1.5,33,train,417,2480,485,2548,0.152107925801,0.462305986696,0.140640809444,0.215671062839
1.5,33,test,126,709,148,731,0.159859976663,0.459854014599,0.147024504084,0.222811671088
1.5,34,train,340,2576,389,2625,0.122934232715,0.466392318244,0.114671163575,0.184082295615
1.5,34,test,111,735,122,746,0.135939323221,0.476394849785,0.129521586931,0.203669724771
1.5,35,train,262,2674,291,2703,0.0932546374368,0.473779385172,0.0883642495784,0.14894826606
1.5,35,test,75,768,89,782,0.095682613769,0.457317073171,0.0875145857643,0.146914789422
1.5,36,train,337,2581,384,2628,0.121585160202,0.467406380028,0.113659359191,0.182854042322
1.5,36,test,104,730,127,753,0.134772462077,0.450216450216,0.121353558926,0.191176470588
1.5,37,train,199,2753,212,2766,0.0693086003373,0.484184914842,0.0671163575042,0.117890995261
1.5,37,test,59,783,74,798,0.0775962660443,0.443609022556,0.0688448074679,0.119191919192
1.5,38,train,71,2912,53,2894,0.020910623946,0.572580645161,0.0239460370995,0.0459695694399
1.5,38,test,21,839,18,836,0.0227537922987,0.538461538462,0.024504084014,0.046875
1.5,39,train,73,2909,56,2892,0.0217537942664,0.565891472868,0.0246205733558,0.0471881060116
1.5,39,test,21,840,17,836,0.022170361727,0.552631578947,0.024504084014,0.0469273743017
1.6,0,train,1190,1870,1095,1775,0.385328836425,0.520787746171,0.401349072513,0.453333333333
1.6,0,test,346,546,311,511,0.383313885648,0.526636225266,0.403733955659,0.457067371202
1.6,1,train,723,2452,513,2242,0.208431703204,0.584951456311,0.243844856661,0.344203761009
1.6,1,test,207,710,147,650,0.206534422404,0.584745762712,0.241540256709,0.341866226259
1.6,2,train,827,2589,376,2138,0.202866779089,0.68744804655,0.27892074199,0.396833013436
1.6,2,test,223,753,104,634,0.190781796966,0.681957186544,0.260210035006,0.376689189189
1.6,3,train,812,2507,458,2153,0.214165261383,0.63937007874,0.273861720067,0.38347107438
1.6,3,test,229,731,126,628,0.207117852975,0.645070422535,0.267211201867,0.377887788779
1.6,4,train,911,2363,602,2054,0.255143338954,0.602115003305,0.307251264755,0.406878070567
1.6,4,test,252,684,173,605,0.247957992999,0.592941176471,0.294049008168,0.393135725429
1.6,5,train,1210,2091,874,1755,0.351433389545,0.580614203455,0.408094435076,0.479302832244
1.6,5,test,333,593,264,524,0.348308051342,0.557788944724,0.388564760793,0.458046767538
1.6,6,train,197,2786,179,2768,0.0634064080944,0.523936170213,0.0664418212479,0.117928763843
1.6,6,test,68,821,36,789,0.0606767794632,0.653846153846,0.0793465577596,0.14151925078
1.6,7,train,188,2814,151,2777,0.0571669477234,0.554572271386,0.0634064080944,0.113801452785
1.6,7,test,59,822,35,798,0.0548424737456,0.627659574468,0.0688448074679,0.124079915878
1.6,8,train,138,2850,115,2827,0.0426644182125,0.545454545455,0.0465430016863,0.0857675574891
1.6,8,test,53,837,20,804,0.0425904317386,0.72602739726,0.0618436406068,0.113978494624
1.6,9,train,110,2880,85,2855,0.0328836424958,0.564102564103,0.0370994940978,0.0696202531646
1.6,9,test,37,837,20,820,0.0332555425904,0.649122807018,0.0431738623104,0.0809628008753
1.6,10,train,108,2887,78,2857,0.0313659359191,0.58064516129,0.0364249578415,0.0685496667725
1.6,10,test,37,836,21,820,0.0338389731622,0.637931034483,0.0431738623104,0.0808743169399
1.6,11,train,98,2897,68,2867,0.0279932546374,0.590361445783,0.0330522765599,0.0625998083679
1.6,11,test,36,839,18,821,0.0315052508751,0.666666666667,0.0420070011669,0.0790340285401
1.6,12,train,63,2911,54,2902,0.0197301854975,0.538461538462,0.0212478920742,0.0408825438027
1.6,12,test,26,845,12,831,0.022170361727,0.684210526316,0.0303383897316,0.0581005586592
1.6,13,train,69,2925,40,2896,0.0183811129848,0.633027522936,0.0232715008432,0.0448926480156
1.6,13,test,21,844,13,836,0.0198366394399,0.617647058824,0.024504084014,0.047138047138
1.6,14,train,37,2945,20,2928,0.00961214165261,0.649122807018,0.012478920742,0.0244870946393
1.6,14,test,10,851,6,847,0.00933488914819,0.625,0.0116686114352,0.0229095074456
1.6,15,train,34,2941,24,2931,0.00978077571669,0.586206896552,0.0114671163575,0.0224942110486
1.6,15,test,11,850,7,846,0.0105017502917,0.611111111111,0.0128354725788,0.0251428571429
1.6,16,train,31,2946,19,2934,0.00843170320405,0.62,0.010455311973,0.0205638474295
1.6,16,test,13,851,6,844,0.0110851808635,0.684210526316,0.0151691948658,0.0296803652968
1.6,17,train,32,2947,18,2933,0.00843170320405,0.64,0.0107925801012,0.0212271973466
1.6,17,test,15,850,7,842,0.0128354725788,0.681818181818,0.0175029171529,0.0341296928328
1.6,18,train,24,2952,13,2941,0.00623946037099,0.648648648649,0.00809443507589,0.0159893404397
1.6,18,test,12,853,4,845,0.00933488914819,0.75,0.0140023337223,0.0274914089347
1.6,19,train,22,2950,15,2943,0.00623946037099,0.594594594595,0.00741989881956,0.0146568954031
1.6,19,test,10,852,5,847,0.00875145857643,0.666666666667,0.0116686114352,0.0229357798165
1.6,20,train,20,2952,13,2945,0.00556492411467,0.606060606061,0.00674536256324,0.0133422281521
1.6,20,test,8,852,5,849,0.00758459743291,0.615384615385,0.00933488914819,0.0183908045977
1.6,21,train,20,2953,12,2945,0.00539629005059,0.625,0.00674536256324,0.0133466800133
1.6,21,test,9,853,4,848,0.00758459743291,0.692307692308,0.0105017502917,0.0206896551724
1.6,22,train,19,2953,12,2946,0.00522765598651,0.612903225806,0.00640809443508,0.0126835781041
1.6,22,test,8,854,3,849,0.00641773628938,0.727272727273,0.00933488914819,0.0184331797235
1.6,23,train,19,2951,14,2946,0.00556492411467,0.575757575758,0.00640809443508,0.0126751167445
1.6,23,test,8,853,4,849,0.00700116686114,0.666666666667,0.00933488914819,0.0184119677791
1.6,24,train,20,2950,15,2945,0.00590219224283,0.571428571429,0.00674536256324,0.0133333333333
1.6,24,test,8,853,4,849,0.00700116686114,0.666666666667,0.00933488914819,0.0184119677791
1.6,25,train,16,2952,13,2949,0.00489038785835,0.551724137931,0.00539629005059,0.0106880427522
1.6,25,test,7,854,3,850,0.00583430571762,0.7,0.00816802800467,0.0161476355248
1.6,26,train,14,2955,10,2951,0.00404721753794,0.583333333333,0.00472175379427,0.00936768149883
1.6,26,test,6,854,3,851,0.00525087514586,0.666666666667,0.00700116686114,0.013856812933
1.6,27,train,14,2955,10,2951,0.00404721753794,0.583333333333,0.00472175379427,0.00936768149883
1.6,27,test,4,854,3,853,0.00408401400233,0.571428571429,0.0046674445741,0.00925925925926
1.6,28,train,14,2955,10,2951,0.00404721753794,0.583333333333,0.00472175379427,0.00936768149883
1.6,28,test,5,854,3,852,0.0046674445741,0.625,0.00583430571762,0.0115606936416
1.6,29,train,13,2956,9,2952,0.00370994940978,0.590909090909,0.0043844856661,0.00870438567124
1.6,29,test,4,854,3,853,0.00408401400233,0.571428571429,0.0046674445741,0.00925925925926
1.6,30,train,13,2958,7,2952,0.00337268128162,0.65,0.0043844856661,0.00871021775544
1.6,30,test,3,854,3,854,0.00350058343057,0.5,0.00350058343057,0.00695249130939
1.6,31,train,13,2958,7,2952,0.00337268128162,0.65,0.0043844856661,0.00871021775544
1.6,31,test,3,854,3,854,0.00350058343057,0.5,0.00350058343057,0.00695249130939
1.6,32,train,12,2959,6,2953,0.00303541315346,0.666666666667,0.00404721753794,0.00804559168622
1.6,32,test,3,854,3,854,0.00350058343057,0.5,0.00350058343057,0.00695249130939
1.6,33,train,13,2958,7,2952,0.00337268128162,0.65,0.0043844856661,0.00871021775544
1.6,33,test,3,854,3,854,0.00350058343057,0.5,0.00350058343057,0.00695249130939
1.6,34,train,11,2958,7,2954,0.00303541315346,0.611111111111,0.00370994940978,0.00737512571237
1.6,34,test,3,854,3,854,0.00350058343057,0.5,0.00350058343057,0.00695249130939
1.6,35,train,12,2958,7,2953,0.00320404721754,0.631578947368,0.00404721753794,0.00804289544236
1.6,35,test,3,854,3,854,0.00350058343057,0.5,0.00350058343057,0.00695249130939
1.6,36,train,11,2958,7,2954,0.00303541315346,0.611111111111,0.00370994940978,0.00737512571237
1.6,36,test,3,854,3,854,0.00350058343057,0.5,0.00350058343057,0.00695249130939
1.6,37,train,10,2958,7,2955,0.00286677908938,0.588235294118,0.00337268128162,0.00670690811536
1.6,37,test,2,854,3,855,0.00291715285881,0.4,0.00233372228705,0.0046403712297
1.6,38,train,11,2958,7,2954,0.00303541315346,0.611111111111,0.00370994940978,0.00737512571237
1.6,38,test,3,854,3,854,0.00350058343057,0.5,0.00350058343057,0.00695249130939
1.6,39,train,10,2958,7,2955,0.00286677908938,0.588235294118,0.00337268128162,0.00670690811536
1.6,39,test,2,854,3,855,0.00291715285881,0.4,0.00233372228705,0.0046403712297
1.7,0,train,2091,948,2017,874,0.692748735245,0.509006815969,0.705227655987,0.591262547717
1.7,0,test,621,253,604,236,0.714702450408,0.50693877551,0.724620770128,0.596541786744
1.7,1,train,1859,1185,1780,1106,0.613659359191,0.510854630393,0.626981450253,0.562992125984
1.7,1,test,537,358,499,320,0.604434072345,0.51833976834,0.626604434072,0.56735340729
1.7,2,train,1417,1636,1329,1548,0.463069139966,0.516023306628,0.477908937605,0.496235335318
1.7,2,test,404,488,369,453,0.450991831972,0.522639068564,0.471411901984,0.495705521472
1.7,3,train,1723,1314,1651,1242,0.568971332209,0.510669828097,0.581112984823,0.543618867329
1.7,3,test,480,383,474,377,0.556592765461,0.503144654088,0.560093348891,0.53009387079
1.7,4,train,2087,994,1971,878,0.68431703204,0.514292755052,0.703878583474,0.594332906165
1.7,4,test,617,290,567,240,0.690781796966,0.521114864865,0.719953325554,0.604605585497
1.7,5,train,2061,1008,1957,904,0.677571669477,0.512941762071,0.695109612142,0.590290706
1.7,5,test,610,293,564,247,0.684947491249,0.519591141397,0.71178529755,0.600689315608
1.7,6,train,1976,1124,1841,989,0.643676222597,0.517684045062,0.666441821248,0.582718961958
1.7,6,test,579,321,536,278,0.650525087515,0.519282511211,0.6756126021,0.587221095335
1.7,7,train,2501,567,2398,464,0.826138279933,0.510512349459,0.843507588533,0.636063072228
1.7,7,test,719,162,695,138,0.824970828471,0.508486562942,0.838973162194,0.633201232937
1.7,8,train,2601,446,2519,364,0.863406408094,0.5080078125,0.877234401349,0.643413729128
1.7,8,test,753,128,729,104,0.864644107351,0.508097165992,0.878646441074,0.64386489953
1.7,9,train,2454,569,2396,511,0.817875210793,0.505979381443,0.827655986509,0.62802303263
1.7,9,test,697,158,699,160,0.81446907818,0.499283667622,0.813302217036,0.618730581447
1.7,10,train,2686,331,2634,279,0.897133220911,0.504887218045,0.905902192243,0.6484007242
1.7,10,test,762,90,767,95,0.892065344224,0.498364944408,0.889148191365,0.63872590109
1.7,11,train,2748,255,2710,217,0.920404721754,0.503481128619,0.926812816189,0.652499109581
1.7,11,test,785,65,792,72,0.920070011669,0.497780596068,0.915985997666,0.645028759244
1.7,12,train,2794,204,2761,171,0.93676222597,0.50297029703,0.942327150084,0.655868544601
1.7,12,test,796,49,808,61,0.935822637106,0.496259351621,0.928821470245,0.646891507517
1.7,13,train,2789,204,2761,176,0.935919055649,0.502522522523,0.940640809444,0.655079271873
1.7,13,test,793,45,812,64,0.936406067678,0.494080996885,0.925320886814,0.644191714054
1.7,14,train,2791,192,2773,174,0.938279932546,0.501617541337,0.9413153457,0.654472974557
1.7,14,test,789,48,809,68,0.932322053676,0.493742177722,0.92065344224,0.642769857434
1.7,15,train,2802,174,2791,163,0.943170320405,0.500983372072,0.94502529511,0.6548258939
1.7,15,test,792,42,815,65,0.937572928821,0.492843808339,0.924154025671,0.642857142857
1.7,16,train,2833,151,2814,132,0.952276559865,0.501682309191,0.955480607083,0.657919182536
1.7,16,test,801,36,821,56,0.946324387398,0.493834771887,0.934655775963,0.64622831787
1.7,17,train,2816,174,2791,149,0.945531197302,0.502229356162,0.949747048904,0.657022865142
1.7,17,test,791,37,820,66,0.939906651109,0.490999379268,0.922987164527,0.641004862237
1.7,18,train,2816,180,2785,149,0.944519392917,0.502767362971,0.949747048904,0.657483072613
1.7,18,test,793,41,816,64,0.938739789965,0.492852703543,0.925320886814,0.643146796431
1.7,19,train,2818,174,2791,147,0.94586846543,0.50240684614,0.95042158516,0.657336132494
1.7,19,test,796,39,818,61,0.941656942824,0.493184634449,0.928821470245,0.644273573452
1.7,20,train,2828,154,2811,137,0.950927487352,0.501507359461,0.953794266442,0.657368665737
1.7,20,test,799,36,821,58,0.945157526254,0.493209876543,0.932322053676,0.645135244247
1.7,21,train,2844,145,2820,121,0.955143338954,0.502118644068,0.959190556492,0.659172557654
1.7,21,test,805,33,824,52,0.9504084014,0.494168201351,0.939323220537,0.647626709574
1.7,22,train,2828,171,2794,137,0.948060708263,0.503023834934,0.953794266442,0.658670082683
1.7,22,test,798,39,818,59,0.942823803967,0.493811881188,0.931155192532,0.645369995956
1.7,23,train,2842,151,2814,123,0.953794266442,0.502475247525,0.958516020236,0.65932026447
1.7,23,test,798,36,821,59,0.944574095683,0.492896849907,0.931155192532,0.644588045234
1.7,24,train,2846,143,2822,119,0.955817875211,0.502117148906,0.959865092749,0.65933047608
1.7,24,test,805,35,822,52,0.949241540257,0.494775660725,0.939323220537,0.648148148148
1.7,25,train,2850,150,2815,115,0.955311973019,0.503089143866,0.961214165261,0.660486674392
1.7,25,test,802,31,826,55,0.949824970828,0.492628992629,0.935822637106,0.645472837022
1.7,26,train,2866,145,2820,99,0.958853288364,0.504045022863,0.966610455312,0.662582360421
1.7,26,test,810,33,824,47,0.953325554259,0.495716034272,0.945157526254,0.650341228422
1.7,27,train,2871,139,2826,94,0.960708263069,0.503949447077,0.968296795953,0.662895405218
1.7,27,test,811,33,824,46,0.953908984831,0.496024464832,0.946324387398,0.65088282504
1.7,28,train,2881,122,2843,84,0.965261382799,0.503319357093,0.971669477234,0.663137300035
1.7,28,test,813,25,832,44,0.959743290548,0.494224924012,0.948658109685,0.649880095923
1.7,29,train,2877,123,2842,88,0.964418212479,0.50305997552,0.970320404722,0.662597881161
1.7,29,test,810,26,831,47,0.957409568261,0.493601462523,0.945157526254,0.648518815052
1.7,30,train,2873,138,2827,92,0.961214165261,0.504035087719,0.968971332209,0.663127524524
1.7,30,test,812,29,828,45,0.95682613769,0.49512195122,0.947491248541,0.650380456548
1.7,31,train,2868,133,2832,97,0.961214165261,0.503157894737,0.967284991568,0.661973456434
1.7,31,test,811,29,828,46,0.956242707118,0.494813910921,0.946324387398,0.64983974359
1.7,32,train,2879,139,2826,86,0.962057335582,0.504645048203,0.970994940978,0.664129181084
1.7,32,test,809,28,829,48,0.955659276546,0.493894993895,0.943990665111,0.648496993988
1.7,33,train,2885,135,2830,80,0.963743676223,0.504811898513,0.973018549747,0.664746543779
1.7,33,test,811,29,828,46,0.956242707118,0.494813910921,0.946324387398,0.64983974359
1.7,34,train,2880,128,2837,85,0.964080944351,0.503760713661,0.971332209106,0.663441603317
1.7,34,test,813,27,830,44,0.958576429405,0.494826536823,0.948658109685,0.6504
1.7,35,train,2873,137,2828,92,0.961382799325,0.503946676022,0.968971332209,0.663051003923
1.7,35,test,806,32,825,51,0.951575262544,0.494175352544,0.94049008168,0.647909967846
1.7,36,train,2872,144,2821,93,0.960033726813,0.504479184964,0.968634064081,0.663432663433
1.7,36,test,808,32,825,49,0.952742123687,0.494794856093,0.942823803967,0.648995983936
1.7,37,train,2871,137,2828,94,0.961045531197,0.503772591683,0.968296795953,0.662742382271
1.7,37,test,808,29,828,49,0.954492415403,0.493887530562,0.942823803967,0.648215002006
1.7,38,train,2890,122,2843,75,0.966779089376,0.504099075528,0.974704890388,0.664520579444
1.7,38,test,815,26,831,42,0.96032672112,0.495139732685,0.950991831972,0.651218537755
1.7,39,train,2887,138,2827,78,0.963575042159,0.505250262513,0.973693086003,0.665284018896
1.7,39,test,811,28,829,46,0.95682613769,0.494512195122,0.946324387398,0.649579495394
1.8,0,train,943,2129,836,2022,0.3,0.530073074761,0.318043844857,0.397554806071
1.8,0,test,273,625,232,584,0.29463243874,0.540594059406,0.318553092182,0.400881057269
1.8,1,train,1159,2050,915,1806,0.349747048904,0.558823529412,0.39089376054,0.460011907124
1.8,1,test,316,612,245,541,0.327304550758,0.563279857398,0.368728121354,0.445698166432
1.8,2,train,928,2311,654,2037,0.266779089376,0.586599241466,0.312984822934,0.408181218386
1.8,2,test,250,673,184,607,0.253208868145,0.576036866359,0.291715285881,0.387296669249
1.8,3,train,1040,2321,644,1925,0.283979763912,0.61757719715,0.350758853288,0.447408044741
1.8,3,test,264,686,171,593,0.253792298716,0.606896551724,0.30805134189,0.40866873065
1.8,4,train,901,2342,623,2064,0.256998313659,0.591207349081,0.303878583474,0.401425707284
1.8,4,test,233,689,168,624,0.233955659277,0.581047381546,0.271878646441,0.370429252782
1.8,5,train,1426,1665,1300,1539,0.459696458685,0.523110785033,0.480944350759,0.501142154279
1.8,5,test,403,505,352,454,0.44049008168,0.533774834437,0.47024504084,0.5
1.8,6,train,1272,1872,1093,1693,0.398819561551,0.537843551797,0.429005059022,0.477298311445
1.8,6,test,357,563,294,500,0.379813302217,0.548387096774,0.416569428238,0.473474801061
1.8,7,train,1470,1628,1337,1495,0.473355817875,0.523690773067,0.495784148398,0.509355509356
1.8,7,test,423,492,365,434,0.459743290548,0.536802030457,0.493582263711,0.514285714286
1.8,8,train,2025,1203,1762,940,0.638617200675,0.534724055981,0.682967959528,0.599822274882
1.8,8,test,566,353,504,291,0.624270711785,0.528971962617,0.660443407235,0.587441619097
1.8,9,train,1728,1412,1553,1237,0.55328836425,0.526668698568,0.582799325464,0.553314121037
1.8,9,test,477,411,446,380,0.538506417736,0.516793066089,0.556592765461,0.53595505618
1.8,10,train,2460,570,2395,505,0.818718381113,0.506694129763,0.829679595278,0.62915601023
1.8,10,test,711,155,702,146,0.8243873979,0.503184713376,0.829638273046,0.626431718062
1.8,11,train,2165,880,2085,800,0.716694772344,0.509411764706,0.73018549747,0.600138600139
1.8,11,test,621,244,613,236,0.719953325554,0.503241491086,0.724620770128,0.593974175036
1.8,12,train,2393,618,2347,572,0.799325463744,0.504852320675,0.807082630691,0.621155094095
1.8,12,test,699,185,672,158,0.799883313886,0.509846827133,0.815635939323,0.627468581688
1.8,13,train,2106,895,2070,859,0.704215851602,0.504310344828,0.710286677909,0.589833356673
1.8,13,test,594,252,605,263,0.699533255543,0.495412844037,0.693115519253,0.577821011673
1.8,14,train,2197,791,2174,768,0.737099494098,0.502630976893,0.740978077572,0.598964013086
1.8,14,test,627,211,646,230,0.742707117853,0.492537313433,0.731621936989,0.588732394366
1.8,15,train,1113,1840,1125,1852,0.377403035413,0.497319034853,0.375379426644,0.42783009802
1.8,15,test,324,558,299,533,0.363477246208,0.520064205457,0.378063010502,0.437837837838
1.8,16,train,535,2455,510,2430,0.176222596965,0.511961722488,0.180438448567,0.266832917706
1.8,16,test,157,705,152,700,0.180280046674,0.508090614887,0.183197199533,0.269296740995
1.8,17,train,603,2391,574,2362,0.198482293423,0.512319456245,0.203372681282,0.291163689039
1.8,17,test,171,698,159,686,0.192532088681,0.518181818182,0.199533255543,0.288121314238
1.8,18,train,597,2414,551,2368,0.193591905565,0.520034843206,0.201349072513,0.290299051787
1.8,18,test,172,690,167,685,0.197782963827,0.507374631268,0.200700116686,0.28762541806
1.8,19,train,555,2437,528,2410,0.1826306914,0.512465373961,0.18718381113,0.274209486166
1.8,19,test,160,711,146,697,0.178529754959,0.522875816993,0.186697782964,0.275150472915
1.8,20,train,572,2425,540,2393,0.187521079258,0.514388489209,0.192917369309,0.280598479274
1.8,20,test,177,701,156,680,0.194282380397,0.531531531532,0.206534422404,0.297478991597
1.8,21,train,571,2423,542,2394,0.187689713322,0.51302785265,0.19258010118,0.280039234919
1.8,21,test,158,716,141,699,0.174445740957,0.528428093645,0.184364060677,0.273356401384
1.8,22,train,467,2526,439,2498,0.152782462057,0.515452538631,0.157504215852,0.241281322656
1.8,22,test,139,725,132,718,0.158109684947,0.512915129151,0.16219369895,0.246453900709
1.8,23,train,581,2454,511,2384,0.184148397976,0.532051282051,0.195952782462,0.286418535864
1.8,23,test,191,705,152,666,0.200116686114,0.556851311953,0.222870478413,0.318333333333
1.8,24,train,634,2402,563,2331,0.201854974705,0.529657477026,0.213827993255,0.304661220567
1.8,24,test,204,701,156,653,0.210035005834,0.566666666667,0.238039673279,0.33525061627
1.8,25,train,562,2461,504,2403,0.17976391231,0.527204502814,0.189544688027,0.278838997767
1.8,25,test,161,726,131,696,0.170361726954,0.551369863014,0.187864644107,0.280243690165
1.8,26,train,532,2462,503,2433,0.174536256324,0.514009661836,0.179426644182,0.266
1.8,26,test,163,717,140,694,0.176779463244,0.53795379538,0.190198366394,0.281034482759
1.8,27,train,568,2395,570,2397,0.191905564924,0.499121265378,0.191568296796,0.276870582501
1.8,27,test,176,706,151,681,0.190781796966,0.538226299694,0.20536756126,0.297297297297
1.8,28,train,707,2252,713,2258,0.239460370995,0.497887323944,0.23844856661,0.322462941847
1.8,28,test,209,660,197,648,0.236872812135,0.514778325123,0.243873978996,0.330958036421
1.8,29,train,519,2482,483,2446,0.168971332209,0.517964071856,0.175042158516,0.261658684144
1.8,29,test,155,735,122,702,0.161610268378,0.559566787004,0.180863477246,0.273368606702
1.8,30,train,338,2666,299,2627,0.10741989882,0.530612244898,0.113996627319,0.187673514714
1.8,30,test,106,769,88,751,0.113185530922,0.546391752577,0.123687281214,0.201712654615
1.8,31,train,321,2646,319,2644,0.107925801012,0.5015625,0.10826306914,0.178085991678
1.8,31,test,109,762,95,748,0.119019836639,0.53431372549,0.127187864644,0.205466540999
1.8,32,train,292,2686,279,2673,0.0962900505902,0.511383537653,0.0984822934233,0.165158371041
1.8,32,test,95,769,88,762,0.106767794632,0.51912568306,0.110851808635,0.182692307692
1.8,33,train,201,2748,217,2764,0.0704890387858,0.480861244019,0.0677908937605,0.118829441324
1.8,33,test,71,785,72,786,0.083430571762,0.496503496503,0.0828471411902,0.142
1.8,34,train,170,2796,169,2795,0.0571669477234,0.501474926254,0.0573355817875,0.102905569007
1.8,34,test,54,808,49,803,0.0600933488915,0.52427184466,0.0630105017503,0.1125
1.8,35,train,177,2771,194,2788,0.062563237774,0.477088948787,0.0596964586847,0.106115107914
1.8,35,test,60,798,59,797,0.0694282380397,0.504201680672,0.0700116686114,0.122950819672
1.8,36,train,111,2844,121,2854,0.0391231028668,0.478448275862,0.037436762226,0.0694401000938
1.8,36,test,48,820,37,809,0.0495915985998,0.564705882353,0.0560093348891,0.101910828025
1.8,37,train,135,2823,142,2830,0.0467116357504,0.487364620939,0.0455311973019,0.0832819247378
1.8,37,test,51,816,41,806,0.0536756126021,0.554347826087,0.0595099183197,0.107481559536
1.8,38,train,111,2864,101,2854,0.0357504215852,0.52358490566,0.037436762226,0.0698772426818
1.8,38,test,48,825,32,809,0.046674445741,0.6,0.0560093348891,0.102454642476
1.8,39,train,132,2829,136,2833,0.0451939291737,0.492537313433,0.0445193929174,0.0816579028766
1.8,39,test,62,818,39,795,0.058926487748,0.613861386139,0.0723453908985,0.129436325678
1.9,0,train,945,2130,835,2020,0.300168634064,0.530898876404,0.318718381113,0.398314014752
1.9,0,test,269,590,267,588,0.312718786464,0.501865671642,0.313885647608,0.386216798277
1.9,1,train,868,2204,761,2097,0.274704890388,0.5328422345,0.292748735245,0.377884196778
1.9,1,test,243,641,216,614,0.267794632439,0.529411764706,0.283547257876,0.369300911854
1.9,2,train,1276,1960,1005,1689,0.384654300169,0.559403770276,0.430354131535,0.486465878765
1.9,2,test,369,577,280,488,0.378646441074,0.568567026194,0.43057176196,0.490039840637
1.9,3,train,1444,1832,1133,1521,0.434569983137,0.560341482344,0.487015177066,0.521111512089
1.9,3,test,421,554,303,436,0.422403733956,0.581491712707,0.491248541424,0.532574320051
1.9,4,train,1371,1924,1041,1594,0.406745362563,0.568407960199,0.46239460371,0.509949786126
1.9,4,test,402,574,283,455,0.399649941657,0.586861313869,0.469078179697,0.52140077821
1.9,5,train,1467,1846,1119,1498,0.436087689713,0.567285382831,0.494772344013,0.528553413799
1.9,5,test,422,564,293,435,0.41715285881,0.59020979021,0.492415402567,0.5368956743
1.9,6,train,1680,1910,1055,1285,0.461214165261,0.614259597806,0.566610455312,0.589473684211
1.9,6,test,467,559,298,390,0.446324387398,0.61045751634,0.544924154026,0.575832305795
1.9,7,train,1832,1782,1183,1133,0.508431703204,0.607628524046,0.617875210793,0.6127090301
1.9,7,test,498,511,346,359,0.492415402567,0.590047393365,0.581096849475,0.585537918871
1.9,8,train,1843,1765,1200,1122,0.513153456998,0.605652316793,0.621585160202,0.613515312916
1.9,8,test,504,502,355,353,0.501166861144,0.586728754366,0.588098016336,0.587412587413
1.9,9,train,1854,1629,1336,1111,0.537942664418,0.581191222571,0.625295109612,0.602437043054
1.9,9,test,527,492,365,330,0.520420070012,0.590807174888,0.614935822637,0.602630074328
1.9,10,train,1878,1618,1347,1087,0.543844856661,0.582325581395,0.633389544688,0.606785137318
1.9,10,test,528,470,387,329,0.533838973162,0.577049180328,0.616102683781,0.595936794582
1.9,11,train,1955,1526,1439,1010,0.572344013491,0.576016499705,0.659359190556,0.614876552917
1.9,11,test,557,443,414,300,0.566511085181,0.573635427394,0.649941656943,0.609409190372
1.9,12,train,1924,1566,1399,1041,0.560370994941,0.578994884141,0.648903878583,0.611959287532
1.9,12,test,545,448,409,312,0.556592765461,0.571278825996,0.635939323221,0.601877415792
1.9,13,train,1995,1377,1588,970,0.604215851602,0.556795981021,0.672849915683,0.609346365302
1.9,13,test,567,380,477,290,0.609101516919,0.543103448276,0.661610268378,0.596528143083
1.9,14,train,2027,1363,1602,938,0.61197301855,0.558556076054,0.683642495784,0.614801334547
1.9,14,test,568,387,470,289,0.605600933489,0.547206165703,0.662777129522,0.599472295515
1.9,15,train,2078,1293,1672,887,0.632377740304,0.554133333333,0.70084317032,0.618912881608
1.9,15,test,589,361,496,268,0.633022170362,0.542857142857,0.687281213536,0.606591143151
1.9,16,train,2110,1232,1733,855,0.648060708263,0.549050221181,0.711635750422,0.619858989424
1.9,16,test,602,332,525,255,0.657526254376,0.534161490683,0.702450408401,0.60685483871
1.9,17,train,2099,1218,1747,866,0.648566610455,0.545761830473,0.707925801012,0.616355894876
1.9,17,test,603,345,512,254,0.650525087515,0.540807174888,0.703617269545,0.611561866126
1.9,18,train,2250,1130,1835,715,0.688870151771,0.550795593635,0.758853288364,0.63829787234
1.9,18,test,656,302,555,201,0.706534422404,0.541701073493,0.765460910152,0.634429400387
1.9,19,train,2624,795,2170,341,0.808431703204,0.547350855236,0.884991568297,0.676375821626
1.9,19,test,757,254,603,100,0.793465577596,0.556617647059,0.883313885648,0.682904826342
1.9,20,train,2630,918,2047,335,0.788701517707,0.562326277528,0.887015177066,0.688301491756
1.9,20,test,757,277,580,100,0.780046674446,0.566192969334,0.883313885648,0.690063810392
1.9,21,train,2689,824,2141,276,0.814502529511,0.556728778468,0.906913996627,0.68992944195
1.9,21,test,776,253,604,81,0.805134189032,0.56231884058,0.905484247375,0.693786320966
1.9,22,train,2715,776,2189,250,0.826981450253,0.553629690049,0.91568296796,0.690049561571
1.9,22,test,781,239,618,76,0.816219369895,0.558255897069,0.911318553092,0.692375886525
1.9,23,train,2751,708,2257,214,0.844519392917,0.549321086262,0.927824620573,0.690079016681
1.9,23,test,798,217,640,59,0.838973162194,0.554937413074,0.931155192532,0.695424836601
1.9,24,train,2782,588,2377,183,0.869983136594,0.539251792983,0.938279932546,0.684884293452
1.9,24,test,805,186,671,52,0.861143523921,0.54539295393,0.939323220537,0.690098585512
1.9,25,train,2741,833,2132,224,0.821753794266,0.562487174225,0.924451939292,0.699413115591
1.9,25,test,788,258,599,69,0.809218203034,0.568132660418,0.919486581097,0.702317290553
1.9,26,train,2739,836,2129,226,0.820910623946,0.562654067379,0.923777403035,0.699348908464
1.9,26,test,787,262,595,70,0.806301050175,0.569464544139,0.918319719953,0.702992407325
1.9,27,train,2743,822,2143,222,0.823946037099,0.561399918133,0.925126475548,0.6987644886
1.9,27,test,789,257,600,68,0.810385064177,0.568034557235,0.92065344224,0.702582368655
1.9,28,train,2744,811,2154,221,0.825969645868,0.560228664761,0.925463743676,0.697952435457
1.9,28,test,787,257,600,70,0.809218203034,0.567411679885,0.918319719953,0.701426024955
1.9,29,train,2748,803,2162,217,0.827993254637,0.55967413442,0.926812816189,0.697904761905
1.9,29,test,788,253,604,69,0.812135355893,0.566091954023,0.919486581097,0.700755891507
1.9,30,train,2752,784,2181,213,0.831871838111,0.557875532131,0.928161888702,0.696885287415
1.9,30,test,789,251,606,68,0.813885647608,0.565591397849,0.92065344224,0.700710479574
1.9,31,train,2746,796,2169,219,0.828836424958,0.558697863683,0.926138279933,0.696954314721
1.9,31,test,787,252,605,70,0.812135355893,0.565373563218,0.918319719953,0.699866607381
1.9,32,train,2759,775,2190,206,0.834569983137,0.557486360881,0.930522765599,0.69724538792
1.9,32,test,793,247,610,64,0.818553092182,0.565217391304,0.925320886814,0.701769911504
1.9,33,train,2753,784,2181,212,0.832040472175,0.557965139846,0.92849915683,0.697050259527
1.9,33,test,790,248,609,67,0.816219369895,0.564689063617,0.921820303384,0.700354609929
1.9,34,train,2768,759,2206,197,0.838785834739,0.556493767591,0.933558178752,0.697317042449
1.9,34,test,796,245,612,61,0.821470245041,0.565340909091,0.928821470245,0.702869757174
1.9,35,train,2766,763,2202,199,0.837774030354,0.556763285024,0.932883642496,0.697340224379
1.9,35,test,793,246,611,64,0.819136522754,0.564814814815,0.925320886814,0.701459531181
1.9,36,train,2779,667,2298,186,0.856155143339,0.547370494386,0.937268128162,0.691121611539
1.9,36,test,796,217,640,61,0.83780630105,0.554317548747,0.928821470245,0.694286960314
1.9,37,train,2778,652,2313,187,0.858516020236,0.545668827342,0.936930860034,0.689672293942
1.9,37,test,796,211,646,61,0.841306884481,0.5520110957,0.928821470245,0.692474989126
1.9,38,train,2799,548,2417,166,0.879595278246,0.53661809816,0.944013490725,0.684268426843
1.9,38,test,800,171,686,57,0.866977829638,0.538358008075,0.933488914819,0.682885189927
1.9,39,train,2815,454,2511,150,0.898145025295,0.528539241457,0.949409780776,0.679049571825
1.9,39,test,806,138,719,51,0.889731621937,0.528524590164,0.94049008168,0.676742233417
